수강생명,수강금액,상담날짜,강좌명
배찬우,900000,2017.10.10,파이썬 자동화 강의
조윤장,820000,2017.10.11,파이썬 자동화 강의
김민우,720000,2017.10.02,파이썬 자동화 강의
이은철,910000,2017.10.12,파이썬 자동화 강의
정용운,900000,2017.10.09,파이썬 자동화 강의
윤순규,920000,2017.10.06,파이썬 자동화 강의
이창희,620000,2017.10.08,파이썬 자동화 강의
정택호,540000,2017.10.17,파이썬 자동화 강의
양영주,230000,2017.10.02,파이썬 자동화 강의
권민재,680000,2017.10.29,파이썬 자동화 강의
배찬우,900000,2017.10.10,파이썬 자동화 강의
조윤장,850000,2017.10.11,파이썬 자동화 강의
김민우,720000,2017.10.02,파이썬 자동화 강의
이은철,890000,2017.10.12,파이썬 자동화 강의
정용운,900000,2017.10.09,파이썬 자동화 강의
윤순규,720000,2017.10.06,파이썬 자동화 강의
이창희,690000,2017.10.08,파이썬 자동화 강의
정택호,230000,2017.10.17,파이썬 자동화 강의
양영주,900000,2017.10.02,파이썬 자동화 강의
권민재,610000,2017.10.29,파이썬 자동화 강의
배찬우,900000,2017.10.10,파이썬 자동화 강의
조윤장,750000,2017.10.11,파이썬 자동화 강의
김민우,720000,2017.10.02,파이썬 자동화 강의
이은철,700000,2017.10.12,파이썬 자동화 강의
정용운,700000,2017.10.09,파이썬 자동화 강의
윤순규,720000,2017.10.06,파이썬 자동화 강의
이창희,680000,2017.10.08,파이썬 자동화 강의
정택호,750000,2017.10.17,파이썬 자동화 강의
양영주,950000,2017.10.02,파이썬 자동화 강의
권민재,680000,2017.10.29,파이썬 자동화 강의
배찬우,900000,2017.10.10,파이썬 자동화 강의
조윤장,850000,2017.10.11,파이썬 자동화 강의
김민우,720000,2017.10.02,파이썬 자동화 강의
이은철,900000,2017.10.12,파이썬 자동화 강의
정용운,820000,2017.10.09,파이썬 자동화 강의
윤순규,620000,2017.10.06,파이썬 자동화 강의
이창희,780000,2017.10.08,파이썬 자동화 강의
정택호,700000,2017.10.17,파이썬 자동화 강의
양영주,750000,2017.10.02,파이썬 자동화 강의
권민재,680000,2017.10.29,파이썬 자동화 강의
배찬우,900000,2017.10.10,파이썬 자동화 강의
조윤장,850000,2017.10.11,파이썬 자동화 강의
김민우,920000,2017.10.02,파이썬 자동화 강의
이은철,760000,2017.10.12,파이썬 자동화 강의
정용운,920000,2017.10.09,파이썬 자동화 강의
윤순규,720000,2017.10.06,파이썬 자동화 강의
이창희,660000,2017.10.08,파이썬 자동화 강의
정택호,800000,2017.10.17,파이썬 자동화 강의
양영주,810000,2017.10.02,파이썬 자동화 강의
권민재,610000,2017.10.29,파이썬 자동화 강의
배찬우,850000,2017.10.10,파이썬 자동화 강의
조윤장,850000,2017.10.11,파이썬 자동화 강의
김민우,820000,2017.10.02,파이썬 자동화 강의
이은철,820000,2017.10.12,파이썬 자동화 강의
정용운,720000,2017.10.09,파이썬 자동화 강의
윤순규,720000,2017.10.06,파이썬 자동화 강의
이창희,620000,2017.10.08,파이썬 자동화 강의
정택호,830000,2017.10.17,파이썬 자동화 강의
양영주,820000,2017.10.02,파이썬 자동화 강의
권민재,680000,2017.10.29,파이썬 자동화 강의
배찬우,900000,2017.10.10,파이썬 자동화 강의
조윤장,850000,2017.10.11,파이썬 자동화 강의
김민우,720000,2017.10.02,파이썬 자동화 강의
이은철,900000,2017.10.12,파이썬 자동화 강의
정용운,900000,2017.10.09,파이썬 자동화 강의
윤순규,720000,2017.10.06,파이썬 자동화 강의
이창희,680000,2017.10.08,파이썬 자동화 강의
정택호,800000,2017.10.17,파이썬 자동화 강의
양영주,850000,2017.10.02,파이썬 자동화 강의
권민재,680000,2017.10.29,파이썬 자동화 강의
배찬우,900000,2017.10.10,파이썬 자동화 강의
조윤장,850000,2017.10.11,파이썬 자동화 강의
김민우,720000,2017.10.02,파이썬 자동화 강의
이은철,690000,2017.10.12,파이썬 자동화 강의
정용운,900000,2017.10.09,파이썬 자동화 강의
윤순규,820000,2017.10.06,파이썬 자동화 강의
이창희,620000,2017.10.08,파이썬 자동화 강의
정택호,810000,2017.10.17,파이썬 자동화 강의
양영주,820000,2017.10.02,파이썬 자동화 강의
권민재,610000,2017.10.29,파이썬 자동화 강의
배찬우,900000,2017.10.10,파이썬 자동화 강의
조윤장,830000,2017.10.11,파이썬 자동화 강의
김민우,700000,2017.10.02,파이썬 자동화 강의
이은철,910000,2017.10.12,파이썬 자동화 강의
정용운,900000,2017.10.09,파이썬 자동화 강의
윤순규,720000,2017.10.06,파이썬 자동화 강의
이창희,620000,2017.10.08,파이썬 자동화 강의
정택호,850000,2017.10.17,파이썬 자동화 강의
양영주,830000,2017.10.02,파이썬 자동화 강의
권민재,680000,2017.10.29,파이썬 자동화 강의
배찬우,900000,2017.10.10,파이썬 자동화 강의
조윤장,850000,2017.10.11,파이썬 자동화 강의
김민우,720000,2017.10.02,파이썬 자동화 강의
이은철,820000,2017.10.12,파이썬 자동화 강의
정용운,830000,2017.10.09,파이썬 자동화 강의
윤순규,720000,2017.10.06,파이썬 자동화 강의
이창희,680000,2017.10.08,파이썬 자동화 강의
정택호,820000,2017.10.17,파이썬 자동화 강의
양영주,820000,2017.10.02,파이썬 자동화 강의
권민재,650000,2017.10.29,파이썬 자동화 강의
이태화,900000,2017.11.20,파이썬 자동화 강의
김종호,850000,2017.11.17,파이썬 자동화 강의
한웅희,720000,2017.11.05,파이썬 자동화 강의
김한나,900000,2017.11.22,파이썬 자동화 강의
이정은,900000,2017.11.21,파이썬 자동화 강의
이영화,720000,2017.11.26,파이썬 자동화 강의
김기하,680000,2017.11.10,파이썬 자동화 강의
이지현,800000,2017.11.23,파이썬 자동화 강의
고수아,850000,2017.11.22,파이썬 자동화 강의
배찬우,900000,2017.10.10,파이썬 자동화 강의
조윤장,820000,2017.10.11,파이썬 자동화 강의
김민우,740000,2017.10.02,파이썬 자동화 강의
이은철,900000,2017.10.12,파이썬 자동화 강의
정용운,900000,2017.10.09,파이썬 자동화 강의
윤순규,720000,2017.10.06,파이썬 자동화 강의
이창희,880000,2017.10.08,파이썬 자동화 강의
정택호,720000,2017.10.17,파이썬 자동화 강의
양영주,820000,2017.10.02,파이썬 자동화 강의
권민재,640000,2017.10.29,파이썬 자동화 강의
